1234567898765,GivenName,Surname
5612174649084,Nicole,
4110071420080,Charity,Parrish
9212125927089,Anthony,
4208126116198,Christopher,Manning
8402179017082,Daniel,
4012270317184,Elizabeth,Campbell
4507189739089,Matthew,Brookman
6011075108085,Herbert,
8008231906186,Evelyn,Thompson
7810068848089,Shane,Straub
9312127181089,John,
6211081657089,Julie,Talbot
7011075092080,Micheal,Todd
5110262255187,Mary,
6009286644187,Joseph,Hernandez
3401066784080,Darren,
6808049387087,Joseph,Guillemette
9802099143083,Michael,
4810166980183,Bruce,Breedlove
5910110017089,Moira,Evens
8601170789082,Ellen,Walker
3606112758082,Pamela,Quijano
3206053942082,Edith,
4204181511084,Anne,Miranda
7408048233082,Arthur,Gooch
4309222714082,Charlene,
4008117670082,Alexander,Rubin
5108316863188,John,Whitfield
9711148292082,Joseph,Keene
4912313995088,Julie,Moran
9601020457087,Erica,Short
4901239803088,Derrick,Stuart
8804196317082,Evan,Dix
8012159312088,James,Turner
7608239082186,Francisco,Slayton
9808076916086,Oren,Hale
5202143753082,Barbara,Gilman
4412065695184,Scott,Hansen
8705120364084,Kristin,Moore
6005023850087,Suzanne,Lowe
8212089023082,Michael,Groff
5504151244080,Anita,Muller
9607081111083,Clarice,Smith
5404298021188,Scott,Smith
6502280403089,Eloise,Finley
6612299126082,John,Petrus
8008038230186,Jay,Garza
9012056680081,William,Palmieri
9312300944089,Virgina,Johnson
5105051273185,Ida,Sievert
4108148841080,Daniel,Hull
3908138515086,Jefferey,Alvarez
4003033780180,Vickie,Rudd
4003177963188,William,Hardy
4611097673180,Charles,Birkholz
5603025592086,Robert,Bumgarner
7406173887185,Nicole,Burroughs
5209076819087,William,Armour
6806212425080,Shellie,Cox
6106130481087,Nadia,Ferguson
8711038419085,John,Cline
8603203934081,Marilyn,Simpson
4412020151083,Barbara,Gile
3706156136086,Johnny,Moody
5004273661089,Myrtice,Dunn
7004056051084,Christopher,Trujillo
3807026124086,Edward,Wright
5209104412087,Jennifer,Johnson
7309191596087,Francis,Olive
8211184618085,Angela,Karp
4711246080087,Stanley,Stillwell
8802181776080,Jean,Baumgartner
8807138187182,Richard,Baisden
5501211800182,Brooke,Gaylord
5408208790089,Robert,Greenwood
7510035780080,John,Thrift
7204277063088,Lee,Derrick
7107232073086,Andrea,Allred
4905215598083,Dan,Taylor
5507308334084,Robert,Sellers
8902050851087,Anna,Nelson
7001283189083,Rose,Acton
6207078391088,Mark,Austin
8609130896087,Elaine,Elkins
5507038775085,Robert,Wilson
6104275437188,Nicholas,Lytle
7010132070089,Katherine,Orlando
6210141832088,Mitzi,Hutchins
8606265927083,Mark,Holguin
9812221332082,Amy,Pennington
6806240109185,Alice,Thorp
5707269750084,Gregory,Strange
4712268563083,Earl,Barnes
9301150296088,Lisa,Ramirez
4507137468088,Rick,Parkison
3907106415089,Francis,Glasgow
6009079508086,George,Reimann
3902074083084,Jeanne,Arroyo
6909101217186,Valerie,Carrillo
6210103242086,Judy,Endicott
